Id, First_Name, Last_Name, Email, Salary
78ad4ccf-314a-4906-9ee3-15f48e47df6e,cintya,spearman,cintya.spearman@example.com,107190.29
176d63ee-3aba-4bc1-907e-297b8fa4dcff,lianne,marczuk,lianne.marczuk@example.com,81011.82
d07dd3ab-cfdf-48bb-8a69-a675acb5f84d,erskine,janzen,erskine.janzen@example.com,103456.07
8e5b4eaa-2ef0-4b49-8089-d95a11783534,meryl,diez,meryl.diez@example.com,80529.97
c3395667-3220-4f5e-a014-1124c830ea0f,franciska,nidia,franciska.nidia@example.com,65286.42
f0740191-d81d-45bd-b723-f451bd031b26,mario,sthepanie,mario.sthepanie@example.com,56378.68
018851cc-8d1e-4e6c-8d6b-e9ad0e8bd10e,soe,hauser,soe.hauser@example.com,95278.66
4834cc44-47be-4139-bbed-d81118b0d911,sammy,aque,sammy.aque@example.com,132168.76
374e05f6-297e-44b2-b20e-ab5fc8d18971,simmons,albano,simmons.albano@example.com,139988.21
710e5d37-4c79-49c1-ae98-ccb63e4b53e2,frankel,troy,frankel.troy@example.com,149087.09
f398169f-09be-45cb-9a2e-f09dcc15f1a3,veronik,ryan,veronik.ryan@example.com,115669.75
6aed8cf1-91ac-4046-8221-8cdf3e75e48e,abelardo,rubio,abelardo.rubio@example.com,90401.71
6998483a-4f6b-441b-97d8-579858239211,gladys,good,gladys.good@example.com,140087.00
7a16a24c-44cf-4a43-8b0a-4a184289164e,nannette,peterson,nannette.peterson@example.com,105625.03
25e2a6a5-37c9-4c37-a66f-017fe7967570,knollmann,urzyu,knollmann.urzyu@example.com,117835.12
e6bdfc29-185f-4981-9f31-b9fe1bdb2ea7,otilia,sood,otilia.sood@example.com,99867.37
667eae86-fa64-4b63-bc54-e6923e0fc423,inkester,caruso,inkester.caruso@example.com,46319.17
6e1b5277-c8fc-4de9-805e-ab0048449be7,coral,cambas,coral.cambas@example.com,103005.25
70f7a71e-f8b0-43dd-a739-7e46d28de18b,evaristo,and,evaristo.and@example.com,59449.40
94506ae2-17f3-47b2-9750-bb9f61050675,servaes,clough,servaes.clough@example.com,96176.31
3b058706-a9a2-4db6-87da-d5a14f256423,hyungung,suojansalo,hyungung.suojansalo@example.com,148702.36
ce094db6-e1ae-4cac-9843-80a761d2bb38,mallorie,gardiner,mallorie.gardiner@example.com,93871.34
9a96e0f9-e51c-4d66-a6fd-360930b20137,giovanni,clancy,giovanni.clancy@example.com,62127.13
19faa23d-8685-4945-ab16-68f303a9389b,auction,parrish,auction.parrish@example.com,43900.92
d0b3d9a7-54eb-4cd5-a557-2822aafe79fe,henry,ramon,henry.ramon@example.com,34029.75
1f7bd4de-4e0e-4e86-974e-8daced76c55a,souli,charters,souli.charters@example.com,120713.97
ec799c4b-b5d7-451d-ae45-489386da94fc,marlene,tromelin,marlene.tromelin@example.com,75795.15
890bdada-4e6b-48c2-aae8-8ee023c15fef,melvin,blake,melvin.blake@example.com,132870.22
9837c63f-019d-47f3-b220-9d8eefda12e5,palle,hughston,palle.hughston@example.com,81250.39
f9ccb9e9-d38c-4c40-8a5b-eed4201793b8,afrim,sapien,afrim.sapien@example.com,147704.60
c8f76443-8ec9-4d24-904f-af56d6d4447b,soe,yunes,soe.yunes@example.com,78194.24
ca15df41-c6f2-405b-93db-4a3923da5085,rania,mckinley,rania.mckinley@example.com,61724.96
c2b60d2e-f943-4231-ae22-02fcfc460b71,shelbey,carli,shelbey.carli@example.com,92518.54
61ce54ea-2e37-4dd3-9d25-d82ff4d45e66,soraya,poga,soraya.poga@example.com,42639.33
a0f79244-10e1-4697-ad89-fa9e8e003776,walkin,mahaney,walkin.mahaney@example.com,40351.00
3c46c4ba-169d-4533-9b6d-8d2d9d7db4d1,elhassan,venzor,elhassan.venzor@example.com,86224.86
2328efe1-f316-4ddd-bd8f-ae10bdabab9e,jody,werner,jody.werner@example.com,145055.47
7ef4a054-0eac-4f02-a8e7-ffce284cbf2a,robb,himley,robb.himley@example.com,149049.02
07c8e44d-be9d-4c95-bfe4-6c1cebe0a68f,susur,benidze,susur.benidze@example.com,80043.62
80503160-9ba1-4591-8a44-9009b6b67832,jaldip,mclaughlin,jaldip.mclaughlin@example.com,54782.02
aaba02ba-c9c6-4bc7-8d83-6b2f0dbee1d6,kimia,eguiarte,kimia.eguiarte@example.com,100026.79
57803b97-14dc-4242-a5f6-f0ca3343ab75,ola,nielson,ola.nielson@example.com,36946.15
9a30ae13-17af-40cb-9c68-a931c5151ba3,zack,o'shea,zack.o'shea@example.com,59235.48
5f68708d-cfc9-4683-863c-bf8c04dea986,warn,hawes,warn.hawes@example.com,36284.02
ebdcc6d4-014f-4c16-9b4f-e4019b1998f7,debbi,burridge,debbi.burridge@example.com,145041.66
e194251d-24f7-4764-814f-991fdd5d5a59,marycarmen,benbow.,marycarmen.benbow.@example.com,145603.04
a8d7fed4-4566-4ef5-b57d-c37d21775c77,hipolito,brinkley,hipolito.brinkley@example.com,103087.75
20019b03-e80e-4061-85fb-89f2f86056e6,tata,bloqueado,tata.bloqueado@example.com,94282.87
802d6fcf-8b7f-45df-9181-38184ff3817b,jody,sloan,jody.sloan@example.com,146838.19
08637eab-32c8-4d19-bfe9-d7fade45f3a4,aden,pacheco,aden.pacheco@example.com,105342.77
4e7d96b6-5c25-4e95-8ef8-8e2f8a956d2f,majbritt,garn,majbritt.garn@example.com,101450.25
951b390f-6db9-4cbf-a003-c45432678e0b,annemarie,empleada,annemarie.empleada@example.com,49679.18
ecbf0804-80ba-41f0-9dac-2217d935c9fa,wolfgang,desgagne,wolfgang.desgagne@example.com,135912.94
766ce0f1-0734-4b04-98ec-94bcf55b8ce0,preeya,alcapone,preeya.alcapone@example.com,66392.95
4365c892-b0b2-475d-9c94-fae1f9a43b40,fauto,veronica,fauto.veronica@example.com,125801.83
a57b9b40-db8e-4287-b3d2-2111e12c3891,roxana,burg,roxana.burg@example.com,103411.27
7e6f7d44-0847-4641-8f19-d585185d941c,reggie,feng,reggie.feng@example.com,123091.80
7f4307af-56bf-4f80-84e7-17fa4deee1ed,manish,reed,manish.reed@example.com,110817.49
31b28eae-a837-4740-80f5-242c88862ab2,jeremiah,turken,jeremiah.turken@example.com,145610.41
18c5d95e-c0e4-4990-934c-5532722d3148,mischa,buddharaju,mischa.buddharaju@example.com,114491.73
b999a051-585e-42eb-9ea7-62680d6f724f,racquel,hollman,racquel.hollman@example.com,44872.97
fcfa4a84-c0e2-4075-b65d-5f42288177ca,griselda,moraitis,griselda.moraitis@example.com,72014.93
0daffe10-7092-46b5-9b09-947a24f36f16,jasroop,dos,jasroop.dos@example.com,77983.91
cb33e569-edb3-4547-b736-2a4391e50f56,tahir,atkinson,tahir.atkinson@example.com,61964.93
d92f09e8-1b24-4148-a452-1f9522a6c207,aquilio,vara,aquilio.vara@example.com,114665.51
b1442ff4-9a5c-446f-bb28-c7befec6e72b,birgitta,reid,birgitta.reid@example.com,97370.61
5a279c91-41b9-40e3-aec8-3a423074c963,rimal,foster,rimal.foster@example.com,40181.60
218d1f07-804a-49d7-b85b-c360567745ea,simecek,everett,simecek.everett@example.com,99419.35
5454d66d-caad-414f-ae3d-91e177302d91,del,szabo,del.szabo@example.com,50421.05
5e4bd4a7-81f3-41ad-82e7-77f546a471aa,emanuele,hotesl,emanuele.hotesl@example.com,102646.65
20e36def-1ab1-4608-b496-638ead715373,montse,nielsen,montse.nielsen@example.com,128264.38
ddac44da-95f8-4ee6-91fc-6e5b977e96f6,janiece,behre,janiece.behre@example.com,84881.66
29fdd9ee-62a8-4120-abb1-5d2dd50e078b,efi,egan,efi.egan@example.com,108220.65
16e2f900-7c35-4cd2-894c-53bc6ca456d7,mathieu,amiralai,mathieu.amiralai@example.com,110060.29
bee21eb5-3002-430e-a220-20858c1084e9,anissa,channing,anissa.channing@example.com,70090.43
37fd521c-dd5e-4473-89b3-967b72144b1e,doris,groenevald,doris.groenevald@example.com,51648.85
b6af6d5c-87ad-48f9-a835-f0d71a27f607,jordi,briks,jordi.briks@example.com,30109.93
2598d309-bb87-4a03-9e84-db9fa4237392,ravi,neuman,ravi.neuman@example.com,132571.49
8a746b20-3c0b-4b5c-a512-85f8ca9d159c,tracey,koral,tracey.koral@example.com,38889.68
9e1f0e87-c3d1-4ad7-9c1e-3c21eefcb006,chasty,nidia,chasty.nidia@example.com,148342.76
022639e0-8979-47dc-b082-40ebacc0192d,nathyla,sloofman,nathyla.sloofman@example.com,30828.14
e4806acf-0a1b-4acf-ba21-10a0eb750acb,simon,phelan,simon.phelan@example.com,61234.22
1a622a81-b608-4da6-809c-e87af053ea9c,ola,olszewski,ola.olszewski@example.com,93639.84
6e7d91a4-5d44-47ff-bc6c-e5ee821c9a22,rafael,paananen,rafael.paananen@example.com,41217.66
5786ca59-fd44-4b56-a319-2173ebb99d59,amarilis,mkay,amarilis.mkay@example.com,145730.33
7891e967-3d5f-4c84-9e0c-76f8af126cfe,leader,alba,leader.alba@example.com,115398.50
fcdb09a4-f3e9-4317-bd55-f91dc4585b10,sr.,vasileff,sr..vasileff@example.com,124654.05
32586fa3-706e-4f74-aa3b-0dbf60a23e28,servaes,rallo,servaes.rallo@example.com,143734.64
3e828168-9522-415d-8075-51ddd7c39b11,nicolena,truscott,nicolena.truscott@example.com,57743.04
bde0db31-dff8-4d76-8ee3-1d5be5d66ffa,kallie,vecerril,kallie.vecerril@example.com,125309.56
be032e4b-c5cb-4e4c-86e0-2b76ffc9ce9d,bobbie,new,bobbie.new@example.com,143112.99
9e16a018-ff21-4bee-b7dc-d78d6bfbd42e,rafal,gonzalez,rafal.gonzalez@example.com,148313.05
381d7583-e622-4b69-abeb-14f625181ab0,janice,coleman,janice.coleman@example.com,137887.18
f137c47f-0628-4458-b2b0-8e5417bcbd2d,cooley,noregua,cooley.noregua@example.com,147761.03
9bd17297-7492-4691-b7bd-a755731afd72,vip,serais,vip.serais@example.com,75285.46
c9ff3b42-4d87-4b0a-b2db-132815f82110,camper,stucky,camper.stucky@example.com,76935.06
2c35aa5c-0f76-4fd3-a51d-a9491b21d6d6,gavin,rorell,gavin.rorell@example.com,99532.60
6c673118-b7a7-4ef9-8488-00ead08f6f49,carin,gozla,carin.gozla@example.com,138152.67
e4099893-c358-48e5-8f9f-3873a119325c,preston,colella,preston.colella@example.com,108380.56
0fd09b26-79d7-4c21-91d7-b31e43948a4f,maximo,braaten,maximo.braaten@example.com,101695.71